,Rent_Ratio,Loan_Repayment_Ratio,Insurance_Ratio,Groceries_Ratio,Transport_Ratio,Eating_Out_Ratio,Entertainment_Ratio,Utilities_Ratio,Healthcare_Ratio,Education_Ratio,Miscellaneous_Ratio,Savings_Ratio
count,16432.0,16432.0,16432.0,16432.0,16432.0,16432.0,16432.0,16432.0,16432.0,16432.0,16432.0,16432.0
mean,0.2198489544860564,0.04341701390752038,0.034899332923039934,0.12529277803006006,0.0650167507176391,0.03504983647329722,0.03493849787898782,0.060166930417047855,0.039926812151232866,0.06011380273950332,0.020067443481332024,0.26120871230600196
std,0.05548023957872439,0.06276321416965448,0.008671648885017397,0.014437810002737252,0.008636836332908735,0.008658445847483605,0.008680560331046376,0.011574740290841634,0.005795519646623046,0.03275438960497432,0.0057740891424546146,0.0939384146280684
min,0.1499044649646575,0.0,0.02000004073443175,0.09999442535816702,0.04999871949234217,0.019998999247781982,0.019997265138543108,0.03999650977840263,0.029999250410247078,0.0,0.010003637419187524,-0.06237406028383545
25%,0.19998004441576994,0.0,0.027372163219845248,0.11262962415191777,0.05760114835869428,0.027598016541625546,0.027353143281665895,0.05007515477222285,0.03489495528334595,0.053274140818535355,0.015087700498483982,0.1973821074573506
50%,0.19999333417513915,0.0,0.034853642083906754,0.12543075567756962,0.06499010135169274,0.03504207708348665,0.03499447046218308,0.06014159963103574,0.03990554620465493,0.06926932961112778,0.020118212094698513,0.27245962571476945
75%,0.29997568371496197,0.09104341347544208,0.042379667363559075,0.1378500029279116,0.07243493406154419,0.042476725773590754,0.04247699507175465,0.0701678129013087,0.04490383281635815,0.08439460103951676,0.025112856408138345,0.3303899205508893
max,0.299996028340529,0.19987558669788105,0.049996480736461124,0.14999645411651272,0.07999263186651653,0.049996434810858456,0.04999646949773558,0.0799974134047525,0.04999757711415227,0.09998830646955681,0.029996669315268787,0.5029255523583661
